{
  "test/mean_score": 0.8396060710152868,
  "test/sim_max_reward_100000": 0.6611153481092603,
  "test/sim_max_reward_100001": 0.7208397337976978,
  "test/sim_max_reward_100002": 1.0,
  "test/sim_max_reward_100003": 1.0,
  "test/sim_max_reward_100004": 0.9889751537070302,
  "test/sim_max_reward_100005": 1.0,
  "test/sim_max_reward_100006": 1.0,
  "test/sim_max_reward_100007": 0.9976771720593972,
  "test/sim_max_reward_100008": 1.0,
  "test/sim_max_reward_100009": 1.0,
  "test/sim_max_reward_100010": 0.5744997051491808,
  "test/sim_max_reward_100011": 1.0,
  "test/sim_max_reward_100012": 0.7125816899254191,
  "test/sim_max_reward_100013": 1.0,
  "test/sim_max_reward_100014": 0.9889584977544118,
  "test/sim_max_reward_100015": 1.0,
  "test/sim_max_reward_100016": 0.997961200772305,
  "test/sim_max_reward_100017": 1.0,
  "test/sim_max_reward_100018": 0.9977957121471641,
  "test/sim_max_reward_100019": 0.7135207701178954,
  "test/sim_max_reward_100020": 1.0,
  "test/sim_max_reward_100021": 0.719912064365851,
  "test/sim_max_reward_100022": 1.0,
  "test/sim_max_reward_100023": 1.0,
  "test/sim_max_reward_100024": 0.0,
  "test/sim_max_reward_100025": 1.0,
  "test/sim_max_reward_100026": 0.0,
  "test/sim_max_reward_100027": 1.0,
  "test/sim_max_reward_100028": 0.0,
  "test/sim_max_reward_100029": 1.0,
  "test/sim_max_reward_100030": 0.9356124470082569,
  "test/sim_max_reward_100031": 0.5159175415600512,
  "test/sim_max_reward_100032": 1.0,
  "test/sim_max_reward_100033": 1.0,
  "test/sim_max_reward_100034": 0.7191971968971819,
  "test/sim_max_reward_100035": 0.0,
  "test/sim_max_reward_100036": 0.982133096414678,
  "test/sim_max_reward_100037": 0.667641259967809,
  "test/sim_max_reward_100038": 0.15051488441026079,
  "test/sim_max_reward_100039": 0.9809531881769791,
  "test/sim_max_reward_100040": 1.0,
  "test/sim_max_reward_100041": 1.0,
  "test/sim_max_reward_100042": 1.0,
  "test/sim_max_reward_100043": 1.0,
  "test/sim_max_reward_100044": 0.9968824951796346,
  "test/sim_max_reward_100045": 1.0,
  "test/sim_max_reward_100046": 0.9687627618906894,
  "test/sim_max_reward_100047": 1.0,
  "test/sim_max_reward_100048": 1.0,
  "test/sim_max_reward_100049": 0.9888516313531857,
  "test/sim_video_100000": "data/diff_pusht_eval_output_16/media/seed100000.mp4",
  "test/sim_video_100001": "data/diff_pusht_eval_output_16/media/seed100001.mp4",
  "test/sim_video_100002": "data/diff_pusht_eval_output_16/media/seed100002.mp4",
  "test/sim_video_100003": "data/diff_pusht_eval_output_16/media/seed100003.mp4",
  "train/mean_score": 0.9977052658063282,
  "train/sim_max_reward_0": 1.0,
  "train/sim_max_reward_1": 1.0,
  "train/sim_max_reward_2": 0.9913751983184389,
  "train/sim_max_reward_3": 0.9948563965195308,
  "train/sim_max_reward_4": 1.0,
  "train/sim_max_reward_5": 1.0,
  "train/sim_video_0": "data/diff_pusht_eval_output_16/media/ag686s4v.mp4",
  "train/sim_video_1": "data/diff_pusht_eval_output_16/media/zyix55q7.mp4"
}