{
  "test/mean_score": 0.8226498321512778,
  "test/sim_max_reward_100000": 0.6881666657789564,
  "test/sim_max_reward_100001": 0.9554951244936413,
  "test/sim_max_reward_100002": 1.0,
  "test/sim_max_reward_100003": 0.9600468285387947,
  "test/sim_max_reward_100004": 1.0,
  "test/sim_max_reward_100005": 1.0,
  "test/sim_max_reward_100006": 0.41172053953080373,
  "test/sim_max_reward_100007": 0.9880581695786625,
  "test/sim_max_reward_100008": 1.0,
  "test/sim_max_reward_100009": 0.6075701985491904,
  "test/sim_max_reward_100010": 1.0,
  "test/sim_max_reward_100011": 0.7680470497724666,
  "test/sim_max_reward_100012": 0.5030609840086053,
  "test/sim_max_reward_100013": 1.0,
  "test/sim_max_reward_100014": 0.7033209269894448,
  "test/sim_max_reward_100015": 0.9834103002017178,
  "test/sim_max_reward_100016": 1.0,
  "test/sim_max_reward_100017": 0.4595369643657091,
  "test/sim_max_reward_100018": 1.0,
  "test/sim_max_reward_100019": 1.0,
  "test/sim_max_reward_100020": 1.0,
  "test/sim_max_reward_100021": 0.9233062607870054,
  "test/sim_max_reward_100022": 0.5776407711236597,
  "test/sim_max_reward_100023": 1.0,
  "test/sim_max_reward_100024": 0.0,
  "test/sim_max_reward_100025": 1.0,
  "test/sim_max_reward_100026": 0.8225721409783078,
  "test/sim_max_reward_100027": 0.6706017956632478,
  "test/sim_max_reward_100028": 1.0,
  "test/sim_max_reward_100029": 1.0,
  "test/sim_max_reward_100030": 0.9624784260601488,
  "test/sim_max_reward_100031": 0.5409079105172755,
  "test/sim_max_reward_100032": 0.9977890950330885,
  "test/sim_max_reward_100033": 0.9765237644219783,
  "test/sim_max_reward_100034": 0.9981984038269129,
  "test/sim_max_reward_100035": 0.0,
  "test/sim_max_reward_100036": 0.5455858995161964,
  "test/sim_max_reward_100037": 0.9753837031223196,
  "test/sim_max_reward_100038": 0.5697642340810054,
  "test/sim_max_reward_100039": 1.0,
  "test/sim_max_reward_100040": 0.9771187003676003,
  "test/sim_max_reward_100041": 0.5974982741796823,
  "test/sim_max_reward_100042": 0.9963721559656075,
  "test/sim_max_reward_100043": 0.9837385477068253,
  "test/sim_max_reward_100044": 0.9917338157285701,
  "test/sim_max_reward_100045": 1.0,
  "test/sim_max_reward_100046": 1.0,
  "test/sim_max_reward_100047": 0.9975768756403961,
  "test/sim_max_reward_100048": 0.9992670810360682,
  "test/sim_max_reward_100049": 0.0,
  "test/sim_video_100000": "data/pusht_eval_output/media/seed100000.mp4",
  "test/sim_video_100001": "data/pusht_eval_output/media/seed100001.mp4",
  "test/sim_video_100002": "data/pusht_eval_output/media/seed100002.mp4",
  "test/sim_video_100003": "data/pusht_eval_output/media/seed100003.mp4",
  "train/mean_score": 0.845833287501344,
  "train/sim_max_reward_0": 1.0,
  "train/sim_max_reward_1": 0.9831563928582054,
  "train/sim_max_reward_2": 0.6225022331183638,
  "train/sim_max_reward_3": 0.9749796570219401,
  "train/sim_max_reward_4": 0.9782187033848498,
  "train/sim_max_reward_5": 0.5161427386247049,
  "train/sim_video_0": "data/pusht_eval_output/media/7m9xvkxi.mp4",
  "train/sim_video_1": "data/pusht_eval_output/media/yeryfi0e.mp4"
}