{
  "test/mean_score": 0.8493168580556345,
  "test/sim_max_reward_100000": 0.7101247268689093,
  "test/sim_max_reward_100001": 0.7281551340077234,
  "test/sim_max_reward_100002": 1.0,
  "test/sim_max_reward_100003": 1.0,
  "test/sim_max_reward_100004": 1.0,
  "test/sim_max_reward_100005": 0.9911095041769544,
  "test/sim_max_reward_100006": 0.9503692172400683,
  "test/sim_max_reward_100007": 1.0,
  "test/sim_max_reward_100008": 0.9901893947568587,
  "test/sim_max_reward_100009": 1.0,
  "test/sim_max_reward_100010": 0.9512824664420246,
  "test/sim_max_reward_100011": 1.0,
  "test/sim_max_reward_100012": 1.0,
  "test/sim_max_reward_100013": 1.0,
  "test/sim_max_reward_100014": 0.9848563658803982,
  "test/sim_max_reward_100015": 0.7208196829287256,
  "test/sim_max_reward_100016": 1.0,
  "test/sim_max_reward_100017": 1.0,
  "test/sim_max_reward_100018": 0.995541800308593,
  "test/sim_max_reward_100019": 0.7176451184222653,
  "test/sim_max_reward_100020": 1.0,
  "test/sim_max_reward_100021": 0.7080663544320251,
  "test/sim_max_reward_100022": 1.0,
  "test/sim_max_reward_100023": 1.0,
  "test/sim_max_reward_100024": 0.0,
  "test/sim_max_reward_100025": 1.0,
  "test/sim_max_reward_100026": 0.0,
  "test/sim_max_reward_100027": 1.0,
  "test/sim_max_reward_100028": 0.0,
  "test/sim_max_reward_100029": 1.0,
  "test/sim_max_reward_100030": 1.0,
  "test/sim_max_reward_100031": 0.5201893828373833,
  "test/sim_max_reward_100032": 1.0,
  "test/sim_max_reward_100033": 1.0,
  "test/sim_max_reward_100034": 0.6951767383451559,
  "test/sim_max_reward_100035": 0.0,
  "test/sim_max_reward_100036": 1.0,
  "test/sim_max_reward_100037": 0.6995635241403295,
  "test/sim_max_reward_100038": 0.16578385504845267,
  "test/sim_max_reward_100039": 1.0,
  "test/sim_max_reward_100040": 1.0,
  "test/sim_max_reward_100041": 1.0,
  "test/sim_max_reward_100042": 0.9978622775833407,
  "test/sim_max_reward_100043": 1.0,
  "test/sim_max_reward_100044": 1.0,
  "test/sim_max_reward_100045": 1.0,
  "test/sim_max_reward_100046": 1.0,
  "test/sim_max_reward_100047": 1.0,
  "test/sim_max_reward_100048": 1.0,
  "test/sim_max_reward_100049": 0.9391073593625141,
  "test/sim_video_100000": "data/diff_pusht_eval_output_8/media/seed100000.mp4",
  "test/sim_video_100001": "data/diff_pusht_eval_output_8/media/seed100001.mp4",
  "test/sim_video_100002": "data/diff_pusht_eval_output_8/media/seed100002.mp4",
  "test/sim_video_100003": "data/diff_pusht_eval_output_8/media/seed100003.mp4",
  "train/mean_score": 1.0,
  "train/sim_max_reward_0": 1.0,
  "train/sim_max_reward_1": 1.0,
  "train/sim_max_reward_2": 1.0,
  "train/sim_max_reward_3": 1.0,
  "train/sim_max_reward_4": 1.0,
  "train/sim_max_reward_5": 1.0,
  "train/sim_video_0": "data/diff_pusht_eval_output_8/media/i3cxnsag.mp4",
  "train/sim_video_1": "data/diff_pusht_eval_output_8/media/qajfkp3d.mp4"
}