{
  "test/mean_score": 0.8223206566940398,
  "test/sim_max_reward_100000": 0.6929357857201393,
  "test/sim_max_reward_100001": 0.49067778985068045,
  "test/sim_max_reward_100002": 0.9997430162879689,
  "test/sim_max_reward_100003": 1.0,
  "test/sim_max_reward_100004": 1.0,
  "test/sim_max_reward_100005": 1.0,
  "test/sim_max_reward_100006": 1.0,
  "test/sim_max_reward_100007": 1.0,
  "test/sim_max_reward_100008": 0.9989359059986906,
  "test/sim_max_reward_100009": 0.9705861654513491,
  "test/sim_max_reward_100010": 1.0,
  "test/sim_max_reward_100011": 1.0,
  "test/sim_max_reward_100012": 0.7090238887563244,
  "test/sim_max_reward_100013": 1.0,
  "test/sim_max_reward_100014": 0.986084584470588,
  "test/sim_max_reward_100015": 0.7201618797892602,
  "test/sim_max_reward_100016": 1.0,
  "test/sim_max_reward_100017": 1.0,
  "test/sim_max_reward_100018": 1.0,
  "test/sim_max_reward_100019": 0.717978793908125,
  "test/sim_max_reward_100020": 0.0,
  "test/sim_max_reward_100021": 0.6909748808469913,
  "test/sim_max_reward_100022": 1.0,
  "test/sim_max_reward_100023": 1.0,
  "test/sim_max_reward_100024": 0.0,
  "test/sim_max_reward_100025": 1.0,
  "test/sim_max_reward_100026": 0.0,
  "test/sim_max_reward_100027": 1.0,
  "test/sim_max_reward_100028": 0.025192830733632293,
  "test/sim_max_reward_100029": 1.0,
  "test/sim_max_reward_100030": 1.0,
  "test/sim_max_reward_100031": 0.5353721778474064,
  "test/sim_max_reward_100032": 1.0,
  "test/sim_max_reward_100033": 0.9877166551190365,
  "test/sim_max_reward_100034": 0.9867539722202585,
  "test/sim_max_reward_100035": 0.0,
  "test/sim_max_reward_100036": 0.9697882739190031,
  "test/sim_max_reward_100037": 0.9604264473314905,
  "test/sim_max_reward_100038": 0.12077458254501335,
  "test/sim_max_reward_100039": 1.0,
  "test/sim_max_reward_100040": 1.0,
  "test/sim_max_reward_100041": 1.0,
  "test/sim_max_reward_100042": 1.0,
  "test/sim_max_reward_100043": 1.0,
  "test/sim_max_reward_100044": 1.0,
  "test/sim_max_reward_100045": 1.0,
  "test/sim_max_reward_100046": 0.6243846434337365,
  "test/sim_max_reward_100047": 1.0,
  "test/sim_max_reward_100048": 1.0,
  "test/sim_max_reward_100049": 0.9285205604722937,
  "test/sim_video_100000": "data/pusht_eval_output/media/seed100000.mp4",
  "test/sim_video_100001": "data/pusht_eval_output/media/seed100001.mp4",
  "test/sim_video_100002": "data/pusht_eval_output/media/seed100002.mp4",
  "test/sim_video_100003": "data/pusht_eval_output/media/seed100003.mp4",
  "train/mean_score": 0.9962394738108625,
  "train/sim_max_reward_0": 1.0,
  "train/sim_max_reward_1": 0.9973664011995859,
  "train/sim_max_reward_2": 0.9800704416655888,
  "train/sim_max_reward_3": 1.0,
  "train/sim_max_reward_4": 1.0,
  "train/sim_max_reward_5": 1.0,
  "train/sim_video_0": "data/pusht_eval_output/media/mup7j6hc.mp4",
  "train/sim_video_1": "data/pusht_eval_output/media/rlrol3ez.mp4"
}